Empresa,Dominio,Categoria,Ofrece_Quioscos_o_Autocobro,Detalle_del_Producto_Competidor,Diferenciador_Ventaja_PayMind
PRE SOFTWARE,www.grupopre.ai,Software POS & Analytics IA,Sin Oferta Directa de Quioscos,Analizado en sitio web,Aliado Ideal: No tiene quiosco propio; PayMind le complementa la oferta.
EGAS,www.egas.com.mx,Software POS & Control Volumétrico,Ofrece Quioscos / Autocobro,"Puntos de venta
                                
Administra las terminales punto de venta
Impresión de tickets
Asigna formas de pago
Asigna tipos de venta
Consulta en tiempo real de ventas en el turno
Reporte de ventas histórico
Realiza consultas por tipo de venta, producto o forma de pago | Asigna formas de pago | Realiza consultas por tipo de venta, producto o forma de pago",Ventaja PayMind: Integración nativa multi-banco con comisiones preferenciales y conciliación Anexo 30 SAT en tiempo real.
ATIO GROUP,www.atiogroup.com.mx,Software POS & Control Volumétrico,Sí (FuelGATE / ControlGAS Mobile),Terminales de pago desatendidas y autoconsumo.,Ventaja PayMind: Sus quioscos son cerrados/propietarios o requieren hardware costoso ($15k USD). PayMind ofrece Plug-and-Play SmartPOS a menor costo de comisión.
AIE MÉXICO,www.aiemexico.com.mx,Software POS & Control Volumétrico,Sin Oferta Directa de Quioscos,Analizado en sitio web,Aliado Ideal: No tiene quiosco propio; PayMind le complementa la oferta.
ALVIC,www.alvic.net,Software POS & Automatización,Sí (Alvic Self-Service POS),Ofrecen terminales de autocobro para estaciones nocturnas o desatendidas.,Ventaja PayMind: Sus quioscos son cerrados/propietarios o requieren hardware costoso ($15k USD). PayMind ofrece Plug-and-Play SmartPOS a menor costo de comisión.
GRUPO CADISA,www.cadisaenlinea.com.mx,Software POS & Control Despacho,Sin Oferta Directa de Quioscos,Analizado en sitio web,Aliado Ideal: No tiene quiosco propio; PayMind le complementa la oferta.
FUEL SOFT / ENERCON,www.enercon.mx,Software TPV & Control Volumétrico,Sí (ENERPAY App & TPV Autocobro),Ofrecen ENERPAY para cobro y prepago en bomba.,Ventaja PayMind: Sus quioscos son cerrados/propietarios o requieren hardware costoso ($15k USD). PayMind ofrece Plug-and-Play SmartPOS a menor costo de comisión.
AVALON SOFTWARE LATAM,www.avalonsoftware.com,Software POS & Monederos,Sí (OpenCard & CBOS),Monederos y módulos de autoatención para flotillas.,Ventaja PayMind: Sus quioscos son cerrados/propietarios o requieren hardware costoso ($15k USD). PayMind ofrece Plug-and-Play SmartPOS a menor costo de comisión.
BRENTEC,www.brentec.mx,Software a Medida & Volumétrico,Sin Oferta Directa de Quioscos,Analizado en sitio web,Aliado Ideal: No tiene quiosco propio; PayMind le complementa la oferta.
KERNOTEK,www.kernotek.mx,Software & Hardware Volumétrico,Sin Oferta Directa de Quioscos,Analizado en sitio web,Aliado Ideal: No tiene quiosco propio; PayMind le complementa la oferta.
GAS MANAGER,www.gasmanager.com,Software POS & Despacho,Sin Oferta Directa de Quioscos,Analizado en sitio web,Aliado Ideal: No tiene quiosco propio; PayMind le complementa la oferta.
LUQROSS,www.luqrosstecnologia.com,Software Control Volumétrico,Sin Oferta Directa de Quioscos,Analizado en sitio web,Aliado Ideal: No tiene quiosco propio; PayMind le complementa la oferta.
POLARIS CONTROL VOLUMÉTRICO,www.ecsmexico.com,Software POS & Flotillas,Sin Oferta Directa de Quioscos,Analizado en sitio web,Aliado Ideal: No tiene quiosco propio; PayMind le complementa la oferta.
INTERLOGIC,www.interlogicglobal.com,Fabricante de Quioscos & Cajeros,Sí (Quioscos de Autoatención Hardware),Venden hardware de cajeros/quioscos pesados para efectivo y tarjeta en Oxxo Gas.,"Socio de Hardware: Ellos venden el quiosco físico/caja, PayMind pone la pasarela de pago y adquirencia."
iGAS,www.igas.mx,Software POS & Agilizador de Isla,Sí (Sistema Agilizador de Servicio en Isla),Cobro rápido con terminales móviles en bomba.,Ventaja PayMind: Integración nativa multi-banco con comisiones preferenciales y conciliación Anexo 30 SAT en tiempo real.
SISTEMAS NEUMÁTICOS DE ENVÍOS (SNE),www.sne.com.mx,Transporte Neumático Efectivo Isla,Ofrece Quioscos / Autocobro,Analizado en sitio web,Ventaja PayMind: Integración nativa multi-banco con comisiones preferenciales y conciliación Anexo 30 SAT en tiempo real.
NEXUS FUEL,www.nexusfuel.com,Software & Automatización Operativa,Sin Oferta Directa de Quioscos,Analizado en sitio web,Aliado Ideal: No tiene quiosco propio; PayMind le complementa la oferta.
CISTEM / CISNEROS GROUP,www.cistem.com.mx,Hardware & Sistemas de Estaciones,Ofrece Quioscos / Autocobro,Pagos y cartera vencida.,Ventaja PayMind: Integración nativa multi-banco con comisiones preferenciales y conciliación Anexo 30 SAT en tiempo real.
GILBARCO VEEDER-ROOT,www.gilbarco.com/mx,Dispensarios & POS Doms/Orpak,Ofrece Quioscos / Autocobro,"Retail Solution


GStation


DOMS Forecourt Control


Flexpay 6 - Terminal de Pago | Flexpay 6 - Terminal de Pago | Retail Solution




GStation


DOMS Forecourt Control


Flexpay 6 - Terminal de Pago",Ventaja PayMind: Integración nativa multi-banco con comisiones preferenciales y conciliación Anexo 30 SAT en tiempo real.
SIME (Mecatrónica Arciga),www.grupo-sime.com,Mantenimiento & Integrador Sigma/Alvic,Sin Oferta Directa de Quioscos,Analizado en sitio web,Aliado Ideal: No tiene quiosco propio; PayMind le complementa la oferta.
PETROGAS,www.petrogas.com.mx,Equipamiento & Dispensarios (17 Sucursales),Ofrece Quioscos / Autocobro,Analizado en sitio web,Ventaja PayMind: Integración nativa multi-banco con comisiones preferenciales y conciliación Anexo 30 SAT en tiempo real.
SEPROCESA,www.seprocesa.com,Gestión y Control de Efectivo,Sí (Cajas Inteligentes Smart Safes),Quioscos de depósito seguro de efectivo en estación.,"Socio de Hardware: Ellos venden el quiosco físico/caja, PayMind pone la pasarela de pago y adquirencia."
EMAGAS,www.emagas.com.mx,Dispensarios & Sistemas de Control,Sin Oferta Directa de Quioscos,Analizado en sitio web,Aliado Ideal: No tiene quiosco propio; PayMind le complementa la oferta.
GRUPO SOL REY,www.solrey.com,Equipamiento Dover Fueling / Wayne,Sin Oferta Directa de Quioscos,Analizado en sitio web,Aliado Ideal: No tiene quiosco propio; PayMind le complementa la oferta.
PETROTECH,www.petrotech.com.mx,Distribuidor Platinum ControlGAS & Hardware,Sin Oferta Directa de Quioscos,Analizado en sitio web,Aliado Ideal: No tiene quiosco propio; PayMind le complementa la oferta.
