Hotel_Nombre,Email
Hotel Colonial,lelemini_v@hotmail.com
Hotel Marquez,hotel_marquez@hotmail.com
Hotel Real Azteca,hotelrealazteca@hotmail.com
Hotel Venecia,tonyfer._@hotmail.es
Hotel Casa Las Tortugas,blumarbelholboxcasatortugas@gmail.com
Hotel Vindo,salvadorgc1974@hotmail.com
Hoteles Mexicano,fabirmhm@gmail.com
Hotel Costa Belle,hotelcostabelle@outlook.com
Hotel Quijote,angeles0110_@hotmail.com
Hotel Boutique Casa Garay,hotelcasagaray@hotmail.com
Hotel Solis,hotelsolis@hotmail.com
Hotel Quinta Izamal,ramy.menendez@hotelquintaizamal.com.mx
Hotel Uno 77,uno77hotel@gmail.com
Hotel Akimpech,facturacion.akimpech@hotmail.com
Hotel Mary Telma,hotelmarytelmacienegas@gmail.com
Paw Hotel Y Spa,pawspahotel@gmail.com
Consorcio Hotelero Sa De Cv,contabilidad@wyndhammerida.mx
Bloom Hotels And Resorts,fcrespo@bloomhotelsandresorts.com
Hotel Y Spa Mision Palenque,hotelspamisionpalenque@gmail.com
Hotel La Finca,hotelfincaxix@gmail.com
Hotel Flora Y Fauna Boutique Rural,antonio@deliria.org
Hotel Y Suites,contralorialalola@gmail.com
Destination Hoteles Tulum,reservations@nueetulum.com
Hotel Real Haciendas,hotelrealhacienda37@gmail.com
Hotel Pajaro Azul,genycanto1@hotmail.com
Hotel Emperador,baxinedwin7@gmail.com
Hotel Estrella De Mar,tinodaniel_zipol@hotmail.com
Hotel Rosa Morada,robertasolimon@outlook.com
Hotel Villas Cholula,piole615@hotmail.com
Hotel Las Torres Plaza,enigma197544@gmail.com
Hotel Don Abel,arnabar_g@hotmail.com
La Finca Hotel Y Jardin De Eventos,ah876469@gmail.com
Hotel Casa Turquesa,auxcontable@radioturquesa.fm
Hotelera Cuyo Yucatan,elcuyo@grupoturquesa.com
Hotel Turquesa Maya,turquesamayahotel@gmail.com
Paraiso Del Pescador Hotel Y Rv,gerencia@paraisodelpescador.com
Hotel Maya Vela Mar,miguelovando7961@gmail.com
Hotel Casa Qi,hotelcasaqi@hotmail.com
Hotel La Siesta,sabinho2004@hotmail.com
Hotel Y Escuela La Cima,diegogenkos314@gmail.com
Hotel Paris,javiruiztorre@gmail.com
Hotel Huixquilucan,gzubieta@datadocks.com.mx
Hotel,pagosclip2021@gmail.com
Hotel Ho,hotel.homerida@outlook.com
Hotel San Francisco Tlaxcala,sanfranciscotlaxcalahotel@gmail.com
Hotel Costa Manzanillo,silvialuquin08@gmail.com
Hotel Maison Del Embajador,maisonembajador.gerencia@gmail.com
La Pingui Hotel,ocomatli@hotmail.com
Hotel Lomas Love,contactolomaslove@gmail.com
Hotel La Fuente,administracion@fundadorex.com
The Carmen Hotel,isma1171@hotmail.com
Hotel Los Ciruelos,hotelciruelos2021@hotmail.com
Hotel Si Merida Aeropuerto Sa De Cv Hotel Si Merida,michel2531@hotmail.com
Hotel San Catarino,almq_24108@hotmail.com
Hm Hotel Expresa,hmichelcarrillo@gmail.com
Hotel Tonall Inn,gerencia.tonallinn@gmail.com
Short Stay Tecate Hotel Boutique,favela@smimx.net
Hotel Ambiance Suites Cancun,facturas.hotel.ambiance@gmail.com
Eco Hotel Margarita Del Sol Costa Maya,lulisaj@gmail.com
Hotel Real De La Peña Ezequiel Montes,hrprecepcion.ezequiel@gmail.com
Hotel La Ceiba Calkini,laceibahotel@outlook.com
Hotel Yanis N Jenny,hotelyj01@gmail.com
Hotel Balneario Xhandos,xhandos.balneario@gmail.com
Hotel El Regio Acapulco,marketing.hoteles@corporativoultra.com
Santa Elene Hotel Boutique,gil_robless@hotmail.com
Hotel Margarita Toluca,jflores@hotelmargaritatoluca.com
Hotel Villas Playa Paraiso,eduardo.dealba82@hotmail.com
Villa Patzcuaro Garden Hotel,info@villapatzcuaro.com
Hotel Roma,reservaciones@roma191.com.mx
Stuart Hotelera,hmccontabilidad21@gmail.com
Hotel Maguey Blanco,hotelmagueyblanco@gmail.com
Hotel Brisas Del Lago,informes@brisasdellago.com.mx
Hotel Cayuco Maya,cayucomaya21@gmail.com
Emporium Hotel,emporiumhotel.huimanguillo@gmail.com
Hotel El Ancla,elanclasuite@hotmail.com
Hotel Refugio 41,inforefugio41@gmail.com
Hotel The Mexican Inn,themexicaninn@hotmail.com
Hotel Ingles,akire_ylagam@hotmail.com
Bg Hotel,rosy-guadarrama@outlook.com
Hotel Garcia,lapoperadoradebares3@gmail.com
Hotel Hacienda Del Pueblo,lapoperadoradebares10@gmail.com
Hotel Relicario,cortesnice.admon@gmail.com
Hotel Albatros,hotel_albatros@outlook.com
Hotel Punta Morro,gerencia@hotelpuntamorro.com
Hotel Boutique Valle De Guadalupe,vanessa2vic@gmail.com
Operadora Hotelera Y Restaurantera Pg,sistemapgslrc@pezgallo.mx
Kin Ha Tulum Hotel,info@hotelkinha.com
Hotel Regis,admon.hotelregis@gmail.com
Compania Hotelera De De Cocoyoc,fortino.ocampo@lomasdecocoyoc.com
Renta Hotel Casas Y Villas,rubiialdo234@gmail.com
Hotel Camino Del Bosque,hotelcaminodelbosque@gmail.com
Hotel Buenavista Beach Resort,ofi1976@hotmail.com
Hotel Constelacion,hconstelacion@gmail.com
Hotel Marabu,alananguiano_@hotmail.com
Hotel Tamul,hoteltamul01@gmail.com
Hotel Parador San Miguel Oaxaca,sanmigueloaxaca@hotmail.com
Hotel Angel,hoteldelangel22@gmail.com
Hotel Casa Alebrijes,ralmaher@gmail.com
Casa Cuyo Hotel Y Restaurante,kitesurfmexico@gmail.com
Jr Hoteles,gerencia@jrhoteles.com
Hotel Azucenas,ariadnacr.ac@gmail.com
Hotel Santa Prisca,htl_staprisca@yahoo.com
Hotel De La Carretera,lapoperadoradebares5@gmail.com
Hotel Alcampo,facturacion@hotelalcampo.com.mx
Hotelhoy,clip@hotelhoy.com
Hotel El Refugio,hrefcdfdz@outlook.com
Hotel Los Arrecifes Tulum,operadora.tulum@gmail.com
Hotel Mahu,marce.monte@icloud.com
Hotel La Gloria,hotellagloria48@gmail.com
Hotel Finca Dragon,fbcdatec@hotmail.com
Stanza Hotel,administrativo@stanzahotel.com
Hotel Flamingo Vallarta,contralor@flamingohotels.com
Hotel Marina El Cid Spa Beach Resort,aamador@elcid.com.mx
Hotel Mision Y Spa Acapulco,hotelmision@hotmail.com
Hotel Quinta Parroquia,quintaparroquia15@gmail.com
Hoteles El Cid Mazatlan,hescobar@elcid.com.mx
Hotel Casa Teresa,hotelcasateresa@gmail.com
Hotel Avila,carlos1965@yahoo.com.mx
Hotel Zoa,adrianamartinez@zoahotel.com
Hotel El Cid La Ceiba,hvargas@elcid.com.mx
Villa Merida Boutique Hotel,batisteschmitt4@gmail.com
Hotel Casa Xkeban,facturanot31@gmail.com
Hotel Arbis,administracion@hotelarbis.com
Hotel Casa Nou,recepcion@casanou.mx
Hotel Adoqun Zipolite,hoteladoquines@gmail.com
Hotel Tres Soles,hoteltressoles@gruposonimar.com
Hotel Paradise Cc,emperadormixteco@hotmail.com
Hotel Rosa Del Alba,djimenezrivero@gmail.com
Hotel Las Brisas,rocapea@hotmail.com
Hotel Posada Los Angeles,joseluiscontreras0417@hotmail.com
Hotel Margarita,astridloria.hotelmargarita@gmail.com
Hotel San Juan,fctodem@gmail.com
Hotel Boutique Marrakesh,pako-83@hotmail.com
Hotel Koox Jool Bacalar,edgar.petatillo@hoteleskooxjool.com
Hotel Escondido,legal@hotelhabita.com
Hotel Makech,c.sarapaho@gmail.com
Hoteles Holbox,arey2721@gmail.com
Hotel Victoria Ejecutivo,contador@victoriaejecutivo.com.mx
Hotel Los Angeles,medina@hoteliersedge.com
Hotel Mision Guanajuato,recepciongto@hotelesmision.com.mx
Hotel Mision Guanajuato,restaurantedelpueblito@hotmail.com
Hoteles Maxicos,said.anguiano.o@gmail.com
Hotel Boutique Maria Condesa,galvisrox@gmail.com
Hotel Marielena,agarzon@hotelmarelena4c.mx
Hotel Marielena,caja-restaurant@outlook.com
Hotel Tamazula,chava_echale@hotmail.com
Orey Hoteles Y Restaurantes,sanmartinbeachczm@gmail.com
Hotel Amomoxtli,contraloria@amomoxtli.com
Operadora De Hoteles Holisticos Sa De Cv,contraloria@elsantuario.com
Hotel Anticavilla,junior_accountant@anticavillahotel.com
Hotel Casa Polanco,administracion@casapolanco.com
Hotel Mision Irapuato,recepcionleon@hotelesmision.com.mx
Hotel Boutique Peña Cantera,reservas@hotelboutiquepcantera.com
Hotel Terrestre,icastillo@hotelhabita.com
Terranova Boutique Hotel,clipterranova@gmail.com
Hotel Real San Agustin,yob_xto@hotmail.com
Hotel,oaxacacc1@protonmail.com
Hotel Milan Sa De Cv,jojumar@yahoo.com.mx
Hotel Villas Kin Ha,oswaldo83.perera@gmail.com
Hotel California,californiahotelnavojoa@gmail.com
Hotel Real San Juan Morelia,hotelrealsanjuanmlm@gmail.com
Hotel Junvay,info@hoteljunvay.com
Hotel Paradise,hotel_paradisee@hotmail.com
Hotel Mision Mazatlan,ingresosmazatlan@hotelesmision.com.mx
Hotel Chanpaal,recepcion.hoteleclipse@gmail.com
Hotel,casadlmarquesa@gmail.com
Hotel Casablanca,casablanca.hotelsuites@gmail.com
Hotel Boutique Casa Diamante Mineral De Pozos,ana.torres@torrescc.com.mx
Hotel Crown Victoria,administracion@hotelcrownvictoria.mx
Hotel Pena Florencia,mary.acuautla@gmail.com
Hotel Quinto Sole,hotelquintosole@gmail.com
Hotel Del Pescador,edsonrios0@gmail.com
Hotel Los Arrecifes,arrecifestulum@hotmail.com
Hotel Las Americasb,luzmariah2105@gmail.com
Hotel Real De Corralejo,gonlop23@gmail.com
Hotel La Querencia,reservaciones@laquerenciahyr.com
Hotel Amansala,recepcion.amansala@gmail.com
Hotel Jardin Cancun,hoteljardin274@gmail.com
Hotel Kavia,san_moreira39@hotmail.com
Kali Hoteles,javier@kalihoteles.com
Hotel Monarca,reservas@hotelmonarca.com.mx
Hotel Kali Centro,reservaciones.centro@kalihoteles.com
Muebles Y Blancos De Hoteleria,ale_favela@hotmail.com
Hotel Chez Waffle,finanzascorporativo.vacations@gmail.com
40 Canones Hotel,40canoneshotel@gmail.com
Hotel Pachamama,h.pachamama23@gmail.com
Hotel Zoh Laguna,reservaszoh@gmail.com
Hotel Anb Aeropuerto Gdl,riqui.facturasnanez@gmail.com
Hotel Bkl Oaxaca Centro,contacto@oaxacabkl.com
Hoteleus,clip@hoteleus.com
Hotel Hacienda Calichar,reservacioneshotelcalichar@gmail.com
Hotel Calesa Real,administracion@operadorabaru.com
Hotel Los Angeles Admon,admon@hoteliersedge.com
Hotel Torremolinos Sa De Cv,torremolinos339@hotmail.com
Hotel Posada Edem,posadaedem@gmail.com
Hotel Finca Del Rocio,hotelfincadelrocio@gmail.com
Hotel Villas Colibri,jen@mobilitrip.com
Maquinaria Para Cafeterias Restaurante Y Hoteles,ventas@astoria.com.mx
Santo Refugio Heritage Hotel,direccion@santorefugio.mx
Hotel 522,m.rdz2307@gmail.com
Hotel Comfort Inn Veracruz,jibarquin@hotmail.com
Hotel Comfort Inn Veracruz,hostaldecortes@gmail.com
Hotel Bohonito Holbox,hotelbohonitohbx@gmail.com
Proepta Hotel Collection,edgar.luna@proepta.mx
Hotel Plaza Cozumel,recepcionhotelplazacozumel@hotmail.com
Serena Hotel,angie@wihost.com.mx
Ahava Hotel,gerenciahotelahava@gmail.com
Hotel Mandarin Carton,hmcrecepcion21@gmail.com
Hotel Puerto Caracol,elperico.marinero@gmail.com
Hotel Villa Palmeras Cancun,operationsmanager@hotelvillapalmerascancun.com
Hotel Casa Hidalgo,m.rdz.lewis@gmail.com
Blue Star Hotel,rnayelys82@gmail.com
Hotel Boutique Hilo Rojo,rh.ilorojosma@gmail.com
Hotel Hacienda Del Lago,susylinga88@gmail.com
Hotel Vagon Resort,vagonresort4cienegasmx@gmail.com
Dulce Maria Leon Hotel La Cueva,contabilidaddulce_2014@outlook.com
Hotel San Jose,hotelsanjose4@outlook.com
Hotel Ceros Garelli,larigare@hotmail.com
Hotel La Villa,fello_tequila@hotmail.com
Hotel Cidrix,teo.fortes@hotmail.com
Hotel Otero,info@otero.com.mx
Hotel La Silla,gerencia_hotellasilla@hotmail.com
Hotel Luna Azul By Uvas,gerencia@lunaazulcozumel.com
Hotel Tierra Mia,tierramiahacienda@gmail.com
Hotel Bar,chareduar0989san@gmail.com
Hotel Sayulinda,sloera@sayulindahotel.com
Gs Hoteles,mcelis@gshoteles.com.mx
Hoteles De Mexico,magdahdm@hotelesdemexico.com.mx
Hotel Ivissa,romay15@hotmail.com
Hotel El Carmen,hotelelcarmenmorelia@gmail.com
Hotel Makaaba,apatino@makaaba.com
Tequila Hotel,arjona.gamboa@gmail.com
Hotel Dama,hello@hoteldama.mx
Hotel Rivera,roberto.avpat@gmail.com
Hotel Santa Elena,conta.staelena@gmail.com
Book Hotel,revenuebookhotel@gmail.com
Hotel Sayulita,reservaciones@majosayulita.com
Hotel Duble,contabilidad@mtkconstructora.com
Majo Hotel Sayulita,hotelmajo77@gmail.com
Hotel,gpemedd@gmail.com
Hotel Maria Bonita,deptomariabonita@gmail.com
Hotel Santa Fe,hotel_santa_fe_tepic@hotmail.com
Mao Hotels,contabilidad@maohotels.com
Hotel Garden Plaza,finanzasbalderas@yahoo.com.mx
Hotel Arcoiris Tulum,tantodada@gmail.com
Mantra Hotel Boutique,info@mantrahotelboutique.com
Book Hotel,kroura1979@gmail.com
Tequila Zona Hotelera,tokishatulip72@gmail.com
Hotel Wyndham Tulum,bfgiap@gmail.com
Kinta Kan Hotel Boutique,kintakanhotel@gmail.com
Hotel Grand Park Slp,sistemas@grupoazteca.com
Hotel Cies,amtzrdz47@gmail.com
Encino House Hotel Boutique,encino.hotel1valle@gmail.com
Hotel Arcoiris Tulum,msclgu@gmail.com
Hotel Lecanda,hotel_lecanda@outlook.com
Hotel Punto 79,sebastianrdobbs@gmail.com
