ID,Entidad,Categoria,Subtipo,TMPI_Score,Tier,Tiempo_Estimado_Cita,Bounty_Por_Cita,Sede,Dominio,Estatus_Dominio,Decisor_Clave,Dork_LinkedIn,Dork_CONDUSEF_SIPRES,Pitch_Asunto,Pitch_Cuerpo
4,Credifiel,SOFOM,Crédito Gubernamental y Nómina,100,Tier A (Inmediato),3 a 7 días,"$2,000 USD",CDMX,credifiel.com.mx,Activo / En Línea,Director de Cobranza / CFO / Head de Riesgo,"site:linkedin.com/in (""Credifiel"") (""Director de Cobranza"" OR ""Director de Crédito"" OR ""CFO"" OR ""Head of Payments"")","site:condusef.gob.mx ""SIPRES"" ""Credifiel""",Reducción de cartera vencida e incidentes de cobro en Credifiel,"Hola [Nombre], en Toku ayudamos a entidades como Credifiel a reducir el rebote en cobro recurrente y domiciliado hasta un 30% con reintentos inteligentes y ligas automáticas vía WhatsApp. ¿Podríamos coordinar una llamada remota de 15 min este jueves a las 11:00 AM para revisar el modelo?"
11,Avanza Sólido,SOFOM,Microfinanzas Rural/Urbano,100,Tier A (Inmediato),3 a 7 días,"$2,000 USD",Chiapas / CDMX,avanzasolido.com,Activo / En Línea,Director de Cobranza / CFO / Head de Riesgo,"site:linkedin.com/in (""Avanza Sólido"") (""Director de Cobranza"" OR ""Director de Crédito"" OR ""CFO"" OR ""Head of Payments"")","site:condusef.gob.mx ""SIPRES"" ""Avanza Sólido""",Reducción de cartera vencida e incidentes de cobro en Avanza Sólido,"Hola [Nombre], en Toku ayudamos a entidades como Avanza Sólido a reducir el rebote en cobro recurrente y domiciliado hasta un 30% con reintentos inteligentes y ligas automáticas vía WhatsApp. ¿Podríamos coordinar una llamada remota de 15 min este jueves a las 11:00 AM para revisar el modelo?"
10,Finvivir,SOFOM,Microcréditos Populares,100,Tier A (Inmediato),3 a 7 días,"$2,000 USD",Guadalajara / CDMX,finvivir.com.mx,Activo / En Línea,Director de Cobranza / CFO / Head de Riesgo,"site:linkedin.com/in (""Finvivir"") (""Director de Cobranza"" OR ""Director de Crédito"" OR ""CFO"" OR ""Head of Payments"")","site:condusef.gob.mx ""SIPRES"" ""Finvivir""",Reducción de cartera vencida e incidentes de cobro en Finvivir,"Hola [Nombre], en Toku ayudamos a entidades como Finvivir a reducir el rebote en cobro recurrente y domiciliado hasta un 30% con reintentos inteligentes y ligas automáticas vía WhatsApp. ¿Podríamos coordinar una llamada remota de 15 min este jueves a las 11:00 AM para revisar el modelo?"
15,Micro Credit,SOFOM,Microcréditos,100,Tier A (Inmediato),3 a 7 días,"$2,000 USD",Veracruz / CDMX,microcredit.mx,Activo / En Línea,Director de Cobranza / CFO / Head de Riesgo,"site:linkedin.com/in (""Micro Credit"") (""Director de Cobranza"" OR ""Director de Crédito"" OR ""CFO"" OR ""Head of Payments"")","site:condusef.gob.mx ""SIPRES"" ""Micro Credit""",Reducción de cartera vencida e incidentes de cobro en Micro Credit,"Hola [Nombre], en Toku ayudamos a entidades como Micro Credit a reducir el rebote en cobro recurrente y domiciliado hasta un 30% con reintentos inteligentes y ligas automáticas vía WhatsApp. ¿Podríamos coordinar una llamada remota de 15 min este jueves a las 11:00 AM para revisar el modelo?"
9,Attendo,SOFOM,Crédito de Nómina,100,Tier A (Inmediato),3 a 7 días,"$2,000 USD",CDMX,attendo.mx,Activo / En Línea,Director de Cobranza / CFO / Head de Riesgo,"site:linkedin.com/in (""Attendo"") (""Director de Cobranza"" OR ""Director de Crédito"" OR ""CFO"" OR ""Head of Payments"")","site:condusef.gob.mx ""SIPRES"" ""Attendo""",Reducción de cartera vencida e incidentes de cobro en Attendo,"Hola [Nombre], en Toku ayudamos a entidades como Attendo a reducir el rebote en cobro recurrente y domiciliado hasta un 30% con reintentos inteligentes y ligas automáticas vía WhatsApp. ¿Podríamos coordinar una llamada remota de 15 min este jueves a las 11:00 AM para revisar el modelo?"
1,Dimex,SOFOM,Crédito de Nómina y Pensionados,100,Tier A (Inmediato),3 a 7 días,"$2,000 USD",Monterrey / CDMX,dimex.mx,Activo / En Línea,Director de Cobranza / CFO / Head de Riesgo,"site:linkedin.com/in (""Dimex"") (""Director de Cobranza"" OR ""Director de Crédito"" OR ""CFO"" OR ""Head of Payments"")","site:condusef.gob.mx ""SIPRES"" ""Dimex""",Reducción de cartera vencida e incidentes de cobro en Dimex,"Hola [Nombre], en Toku ayudamos a entidades como Dimex a reducir el rebote en cobro recurrente y domiciliado hasta un 30% con reintentos inteligentes y ligas automáticas vía WhatsApp. ¿Podríamos coordinar una llamada remota de 15 min este jueves a las 11:00 AM para revisar el modelo?"
12,Financiera Fortaleza,SOFOM,Crédito de Nómina,100,Tier A (Inmediato),3 a 7 días,"$2,000 USD",CDMX,financierafortaleza.com,Activo / En Línea,Director de Cobranza / CFO / Head de Riesgo,"site:linkedin.com/in (""Financiera Fortaleza"") (""Director de Cobranza"" OR ""Director de Crédito"" OR ""CFO"" OR ""Head of Payments"")","site:condusef.gob.mx ""SIPRES"" ""Financiera Fortaleza""",Reducción de cartera vencida e incidentes de cobro en Financiera Fortaleza,"Hola [Nombre], en Toku ayudamos a entidades como Financiera Fortaleza a reducir el rebote en cobro recurrente y domiciliado hasta un 30% con reintentos inteligentes y ligas automáticas vía WhatsApp. ¿Podríamos coordinar una llamada remota de 15 min este jueves a las 11:00 AM para revisar el modelo?"
28,Crediclub,SOFIPO,Ahorro y Microcréditos,97,Tier A (Inmediato),3 a 7 días,"$2,000 USD",Monterrey / CDMX,crediclub.com,Activo / En Línea,Director de Cobranza / CFO / Head de Riesgo,"site:linkedin.com/in (""Crediclub"") (""Director de Cobranza"" OR ""Director de Crédito"" OR ""CFO"" OR ""Head of Payments"")","site:condusef.gob.mx ""SIPRES"" ""Crediclub""",Reducción de cartera vencida e incidentes de cobro en Crediclub,"Hola [Nombre], en Toku ayudamos a entidades como Crediclub a reducir el rebote en cobro recurrente y domiciliado hasta un 30% con reintentos inteligentes y ligas automáticas vía WhatsApp. ¿Podríamos coordinar una llamada remota de 15 min este jueves a las 11:00 AM para revisar el modelo?"
24,Finamigo,SOFIPO,Microfinanzas,97,Tier A (Inmediato),3 a 7 días,"$2,000 USD",CDMX,finamigo.com.mx,Activo / En Línea,Director de Cobranza / CFO / Head de Riesgo,"site:linkedin.com/in (""Finamigo"") (""Director de Cobranza"" OR ""Director de Crédito"" OR ""CFO"" OR ""Head of Payments"")","site:condusef.gob.mx ""SIPRES"" ""Finamigo""",Reducción de cartera vencida e incidentes de cobro en Finamigo,"Hola [Nombre], en Toku ayudamos a entidades como Finamigo a reducir el rebote en cobro recurrente y domiciliado hasta un 30% con reintentos inteligentes y ligas automáticas vía WhatsApp. ¿Podríamos coordinar una llamada remota de 15 min este jueves a las 11:00 AM para revisar el modelo?"
30,Financiera Súmate,SOFIPO,Microcrédito Productivo,97,Tier A (Inmediato),3 a 7 días,"$2,000 USD",Puebla / CDMX,sumate.com.mx,Activo / En Línea,Director de Cobranza / CFO / Head de Riesgo,"site:linkedin.com/in (""Financiera Súmate"") (""Director de Cobranza"" OR ""Director de Crédito"" OR ""CFO"" OR ""Head of Payments"")","site:condusef.gob.mx ""SIPRES"" ""Financiera Súmate""",Reducción de cartera vencida e incidentes de cobro en Financiera Súmate,"Hola [Nombre], en Toku ayudamos a entidades como Financiera Súmate a reducir el rebote en cobro recurrente y domiciliado hasta un 30% con reintentos inteligentes y ligas automáticas vía WhatsApp. ¿Podríamos coordinar una llamada remota de 15 min este jueves a las 11:00 AM para revisar el modelo?"
42,Creciendo México,SOFIPO,Microfinanzas,97,Tier A (Inmediato),3 a 7 días,"$2,000 USD",CDMX,creciendo.com.mx,Activo / En Línea,Director de Cobranza / CFO / Head de Riesgo,"site:linkedin.com/in (""Creciendo México"") (""Director de Cobranza"" OR ""Director de Crédito"" OR ""CFO"" OR ""Head of Payments"")","site:condusef.gob.mx ""SIPRES"" ""Creciendo México""",Reducción de cartera vencida e incidentes de cobro en Creciendo México,"Hola [Nombre], en Toku ayudamos a entidades como Creciendo México a reducir el rebote en cobro recurrente y domiciliado hasta un 30% con reintentos inteligentes y ligas automáticas vía WhatsApp. ¿Podríamos coordinar una llamada remota de 15 min este jueves a las 11:00 AM para revisar el modelo?"
44,Real Financiera,SOFIPO,Crédito de Nómina y Pyme,97,Tier A (Inmediato),3 a 7 días,"$2,000 USD",CDMX,realfinanciera.com,Activo / En Línea,Director de Cobranza / CFO / Head de Riesgo,"site:linkedin.com/in (""Real Financiera"") (""Director de Cobranza"" OR ""Director de Crédito"" OR ""CFO"" OR ""Head of Payments"")","site:condusef.gob.mx ""SIPRES"" ""Real Financiera""",Reducción de cartera vencida e incidentes de cobro en Real Financiera,"Hola [Nombre], en Toku ayudamos a entidades como Real Financiera a reducir el rebote en cobro recurrente y domiciliado hasta un 30% con reintentos inteligentes y ligas automáticas vía WhatsApp. ¿Podríamos coordinar una llamada remota de 15 min este jueves a las 11:00 AM para revisar el modelo?"
48,Financiera Más,SOFIPO,Microcréditos,97,Tier A (Inmediato),3 a 7 días,"$2,000 USD",CDMX,financieramas.com.mx,Activo / En Línea,Director de Cobranza / CFO / Head de Riesgo,"site:linkedin.com/in (""Financiera Más"") (""Director de Cobranza"" OR ""Director de Crédito"" OR ""CFO"" OR ""Head of Payments"")","site:condusef.gob.mx ""SIPRES"" ""Financiera Más""",Reducción de cartera vencida e incidentes de cobro en Financiera Más,"Hola [Nombre], en Toku ayudamos a entidades como Financiera Más a reducir el rebote en cobro recurrente y domiciliado hasta un 30% con reintentos inteligentes y ligas automáticas vía WhatsApp. ¿Podríamos coordinar una llamada remota de 15 min este jueves a las 11:00 AM para revisar el modelo?"
32,Amextra Finanzas,SOFIPO,Microcréditos Solidarios,97,Tier A (Inmediato),3 a 7 días,"$2,000 USD",CDMX,amextra.mx,Requiere Verificación DNS,Director de Cobranza / CFO / Head de Riesgo,"site:linkedin.com/in (""Amextra Finanzas"") (""Director de Cobranza"" OR ""Director de Crédito"" OR ""CFO"" OR ""Head of Payments"")","site:condusef.gob.mx ""SIPRES"" ""Amextra Finanzas""",Reducción de cartera vencida e incidentes de cobro en Amextra Finanzas,"Hola [Nombre], en Toku ayudamos a entidades como Amextra Finanzas a reducir el rebote en cobro recurrente y domiciliado hasta un 30% con reintentos inteligentes y ligas automáticas vía WhatsApp. ¿Podríamos coordinar una llamada remota de 15 min este jueves a las 11:00 AM para revisar el modelo?"
5,Crédito Fácil,SOFOM,Préstamos Personales,95,Tier A (Inmediato),3 a 7 días,"$2,000 USD",CDMX,creditofacil.com.mx,Activo / En Línea,Director de Cobranza / CFO / Head de Riesgo,"site:linkedin.com/in (""Crédito Fácil"") (""Director de Cobranza"" OR ""Director de Crédito"" OR ""CFO"" OR ""Head of Payments"")","site:condusef.gob.mx ""SIPRES"" ""Crédito Fácil""",Reducción de cartera vencida e incidentes de cobro en Crédito Fácil,"Hola [Nombre], en Toku ayudamos a entidades como Crédito Fácil a reducir el rebote en cobro recurrente y domiciliado hasta un 30% con reintentos inteligentes y ligas automáticas vía WhatsApp. ¿Podríamos coordinar una llamada remota de 15 min este jueves a las 11:00 AM para revisar el modelo?"
3,Financiera Independencia,SOFOM,Crédito al Consumo Masivo,95,Tier A (Inmediato),3 a 7 días,"$2,000 USD",CDMX,independencia.com.mx,Activo / En Línea,Director de Cobranza / CFO / Head de Riesgo,"site:linkedin.com/in (""Financiera Independencia"") (""Director de Cobranza"" OR ""Director de Crédito"" OR ""CFO"" OR ""Head of Payments"")","site:condusef.gob.mx ""SIPRES"" ""Financiera Independencia""",Reducción de cartera vencida e incidentes de cobro en Financiera Independencia,"Hola [Nombre], en Toku ayudamos a entidades como Financiera Independencia a reducir el rebote en cobro recurrente y domiciliado hasta un 30% con reintentos inteligentes y ligas automáticas vía WhatsApp. ¿Podríamos coordinar una llamada remota de 15 min este jueves a las 11:00 AM para revisar el modelo?"
18,Pro Crédito,SOFOM,Crédito Pyme y Consumo,95,Tier A (Inmediato),3 a 7 días,"$2,000 USD",CDMX,procredito.com.mx,Activo / En Línea,Director de Cobranza / CFO / Head de Riesgo,"site:linkedin.com/in (""Pro Crédito"") (""Director de Cobranza"" OR ""Director de Crédito"" OR ""CFO"" OR ""Head of Payments"")","site:condusef.gob.mx ""SIPRES"" ""Pro Crédito""",Reducción de cartera vencida e incidentes de cobro en Pro Crédito,"Hola [Nombre], en Toku ayudamos a entidades como Pro Crédito a reducir el rebote en cobro recurrente y domiciliado hasta un 30% con reintentos inteligentes y ligas automáticas vía WhatsApp. ¿Podríamos coordinar una llamada remota de 15 min este jueves a las 11:00 AM para revisar el modelo?"
13,Crédito Único,SOFOM,Préstamos Personales,95,Tier A (Inmediato),3 a 7 días,"$2,000 USD",CDMX,creditounico.mx,Requiere Verificación DNS,Director de Cobranza / CFO / Head de Riesgo,"site:linkedin.com/in (""Crédito Único"") (""Director de Cobranza"" OR ""Director de Crédito"" OR ""CFO"" OR ""Head of Payments"")","site:condusef.gob.mx ""SIPRES"" ""Crédito Único""",Reducción de cartera vencida e incidentes de cobro en Crédito Único,"Hola [Nombre], en Toku ayudamos a entidades como Crédito Único a reducir el rebote en cobro recurrente y domiciliado hasta un 30% con reintentos inteligentes y ligas automáticas vía WhatsApp. ¿Podríamos coordinar una llamada remota de 15 min este jueves a las 11:00 AM para revisar el modelo?"
2,MexDin,SOFOM,Préstamos Personales,95,Tier A (Inmediato),3 a 7 días,"$2,000 USD",CDMX,mexdin.mx,Requiere Verificación DNS,Director de Cobranza / CFO / Head de Riesgo,"site:linkedin.com/in (""MexDin"") (""Director de Cobranza"" OR ""Director de Crédito"" OR ""CFO"" OR ""Head of Payments"")","site:condusef.gob.mx ""SIPRES"" ""MexDin""",Reducción de cartera vencida e incidentes de cobro en MexDin,"Hola [Nombre], en Toku ayudamos a entidades como MexDin a reducir el rebote en cobro recurrente y domiciliado hasta un 30% con reintentos inteligentes y ligas automáticas vía WhatsApp. ¿Podríamos coordinar una llamada remota de 15 min este jueves a las 11:00 AM para revisar el modelo?"
45,Únete Financiera,SOFIPO,Préstamos Personales,92,Tier A (Inmediato),3 a 7 días,"$2,000 USD",CDMX,unetefinanciera.com,Activo / En Línea,Director de Cobranza / CFO / Head de Riesgo,"site:linkedin.com/in (""Únete Financiera"") (""Director de Cobranza"" OR ""Director de Crédito"" OR ""CFO"" OR ""Head of Payments"")","site:condusef.gob.mx ""SIPRES"" ""Únete Financiera""",Reducción de cartera vencida e incidentes de cobro en Únete Financiera,"Hola [Nombre], en Toku ayudamos a entidades como Únete Financiera a reducir el rebote en cobro recurrente y domiciliado hasta un 30% con reintentos inteligentes y ligas automáticas vía WhatsApp. ¿Podríamos coordinar una llamada remota de 15 min este jueves a las 11:00 AM para revisar el modelo?"
49,JP SofiExpress,SOFIPO,Crédito al Consumo,92,Tier A (Inmediato),3 a 7 días,"$2,000 USD",Jalisco / CDMX,sofiexpress.com.mx,Activo / En Línea,Director de Cobranza / CFO / Head de Riesgo,"site:linkedin.com/in (""JP SofiExpress"") (""Director de Cobranza"" OR ""Director de Crédito"" OR ""CFO"" OR ""Head of Payments"")","site:condusef.gob.mx ""SIPRES"" ""JP SofiExpress""",Reducción de cartera vencida e incidentes de cobro en JP SofiExpress,"Hola [Nombre], en Toku ayudamos a entidades como JP SofiExpress a reducir el rebote en cobro recurrente y domiciliado hasta un 30% con reintentos inteligentes y ligas automáticas vía WhatsApp. ¿Podríamos coordinar una llamada remota de 15 min este jueves a las 11:00 AM para revisar el modelo?"
14,Credimon,SOFOM,Crédito y Liquidez,90,Tier A (Inmediato),3 a 7 días,"$2,000 USD",CDMX,credimon.com.mx,Activo / En Línea,Director de Cobranza / CFO / Head de Riesgo,"site:linkedin.com/in (""Credimon"") (""Director de Cobranza"" OR ""Director de Crédito"" OR ""CFO"" OR ""Head of Payments"")","site:condusef.gob.mx ""SIPRES"" ""Credimon""",Reducción de cartera vencida e incidentes de cobro en Credimon,"Hola [Nombre], en Toku ayudamos a entidades como Credimon a reducir el rebote en cobro recurrente y domiciliado hasta un 30% con reintentos inteligentes y ligas automáticas vía WhatsApp. ¿Podríamos coordinar una llamada remota de 15 min este jueves a las 11:00 AM para revisar el modelo?"
6,Plan Credi,SOFOM,Financiamiento,90,Tier A (Inmediato),3 a 7 días,"$2,000 USD",Puebla / CDMX,plancredi.com.mx,Activo / En Línea,Director de Cobranza / CFO / Head de Riesgo,"site:linkedin.com/in (""Plan Credi"") (""Director de Cobranza"" OR ""Director de Crédito"" OR ""CFO"" OR ""Head of Payments"")","site:condusef.gob.mx ""SIPRES"" ""Plan Credi""",Reducción de cartera vencida e incidentes de cobro en Plan Credi,"Hola [Nombre], en Toku ayudamos a entidades como Plan Credi a reducir el rebote en cobro recurrente y domiciliado hasta un 30% con reintentos inteligentes y ligas automáticas vía WhatsApp. ¿Podríamos coordinar una llamada remota de 15 min este jueves a las 11:00 AM para revisar el modelo?"
7,Apoyo Económico Familiar,SOFOM,Préstamos Grupales e Individuales,90,Tier A (Inmediato),3 a 7 días,"$2,000 USD",CDMX,apoyoeconomico.com.mx,Activo / En Línea,Director de Cobranza / CFO / Head de Riesgo,"site:linkedin.com/in (""Apoyo Económico Familiar"") (""Director de Cobranza"" OR ""Director de Crédito"" OR ""CFO"" OR ""Head of Payments"")","site:condusef.gob.mx ""SIPRES"" ""Apoyo Económico Familiar""",Reducción de cartera vencida e incidentes de cobro en Apoyo Económico Familiar,"Hola [Nombre], en Toku ayudamos a entidades como Apoyo Económico Familiar a reducir el rebote en cobro recurrente y domiciliado hasta un 30% con reintentos inteligentes y ligas automáticas vía WhatsApp. ¿Podríamos coordinar una llamada remota de 15 min este jueves a las 11:00 AM para revisar el modelo?"
19,Podemos Progresar,SOFOM,Crédito Grupal Mujeres,90,Tier A (Inmediato),3 a 7 días,"$2,000 USD",CDMX,podemos.mx,Activo / En Línea,Director de Cobranza / CFO / Head de Riesgo,"site:linkedin.com/in (""Podemos Progresar"") (""Director de Cobranza"" OR ""Director de Crédito"" OR ""CFO"" OR ""Head of Payments"")","site:condusef.gob.mx ""SIPRES"" ""Podemos Progresar""",Reducción de cartera vencida e incidentes de cobro en Podemos Progresar,"Hola [Nombre], en Toku ayudamos a entidades como Podemos Progresar a reducir el rebote en cobro recurrente y domiciliado hasta un 30% con reintentos inteligentes y ligas automáticas vía WhatsApp. ¿Podríamos coordinar una llamada remota de 15 min este jueves a las 11:00 AM para revisar el modelo?"
8,H Financieros,SOFOM,Financiamiento Corporativo/Pyme,90,Tier A (Inmediato),3 a 7 días,"$2,000 USD",Jalisco / CDMX,hfinancieros.com.mx,Requiere Verificación DNS,Director de Cobranza / CFO / Head de Riesgo,"site:linkedin.com/in (""H Financieros"") (""Director de Cobranza"" OR ""Director de Crédito"" OR ""CFO"" OR ""Head of Payments"")","site:condusef.gob.mx ""SIPRES"" ""H Financieros""",Reducción de cartera vencida e incidentes de cobro en H Financieros,"Hola [Nombre], en Toku ayudamos a entidades como H Financieros a reducir el rebote en cobro recurrente y domiciliado hasta un 30% con reintentos inteligentes y ligas automáticas vía WhatsApp. ¿Podríamos coordinar una llamada remota de 15 min este jueves a las 11:00 AM para revisar el modelo?"
17,Percapita,SOFOM,Financiamiento,90,Tier A (Inmediato),3 a 7 días,"$2,000 USD",CDMX,percapita.com.mx,Requiere Verificación DNS,Director de Cobranza / CFO / Head de Riesgo,"site:linkedin.com/in (""Percapita"") (""Director de Cobranza"" OR ""Director de Crédito"" OR ""CFO"" OR ""Head of Payments"")","site:condusef.gob.mx ""SIPRES"" ""Percapita""",Reducción de cartera vencida e incidentes de cobro en Percapita,"Hola [Nombre], en Toku ayudamos a entidades como Percapita a reducir el rebote en cobro recurrente y domiciliado hasta un 30% con reintentos inteligentes y ligas automáticas vía WhatsApp. ¿Podríamos coordinar una llamada remota de 15 min este jueves a las 11:00 AM para revisar el modelo?"
21,PREMO,SOFIPO,Crédito Pyme FinTech,87,Tier A (Inmediato),3 a 7 días,"$2,000 USD",Guadalajara / CDMX,premo.mx,Activo / En Línea,Director de Cobranza / CFO / Head de Riesgo,"site:linkedin.com/in (""PREMO"") (""Director de Cobranza"" OR ""Director de Crédito"" OR ""CFO"" OR ""Head of Payments"")","site:condusef.gob.mx ""SIPRES"" ""PREMO""",Reducción de cartera vencida e incidentes de cobro en PREMO,"Hola [Nombre], en Toku ayudamos a entidades como PREMO a reducir el rebote en cobro recurrente y domiciliado hasta un 30% con reintentos inteligentes y ligas automáticas vía WhatsApp. ¿Podríamos coordinar una llamada remota de 15 min este jueves a las 11:00 AM para revisar el modelo?"
22,Broxel FinTech Crédito,SOFIPO,Medios de Pago y Crédito,87,Tier A (Inmediato),3 a 7 días,"$2,000 USD",CDMX,broxel.com,Activo / En Línea,Director de Cobranza / CFO / Head de Riesgo,"site:linkedin.com/in (""Broxel FinTech Crédito"") (""Director de Cobranza"" OR ""Director de Crédito"" OR ""CFO"" OR ""Head of Payments"")","site:condusef.gob.mx ""SIPRES"" ""Broxel FinTech Crédito""",Reducción de cartera vencida e incidentes de cobro en Broxel FinTech Crédito,"Hola [Nombre], en Toku ayudamos a entidades como Broxel FinTech Crédito a reducir el rebote en cobro recurrente y domiciliado hasta un 30% con reintentos inteligentes y ligas automáticas vía WhatsApp. ¿Podríamos coordinar una llamada remota de 15 min este jueves a las 11:00 AM para revisar el modelo?"
20,Progressa,SOFIPO,Ahorro y Crédito Popular,87,Tier A (Inmediato),3 a 7 días,"$2,000 USD",CDMX,progressa.com.mx,Activo / En Línea,Director de Cobranza / CFO / Head de Riesgo,"site:linkedin.com/in (""Progressa"") (""Director de Cobranza"" OR ""Director de Crédito"" OR ""CFO"" OR ""Head of Payments"")","site:condusef.gob.mx ""SIPRES"" ""Progressa""",Reducción de cartera vencida e incidentes de cobro en Progressa,"Hola [Nombre], en Toku ayudamos a entidades como Progressa a reducir el rebote en cobro recurrente y domiciliado hasta un 30% con reintentos inteligentes y ligas automáticas vía WhatsApp. ¿Podríamos coordinar una llamada remota de 15 min este jueves a las 11:00 AM para revisar el modelo?"
27,Fondeadora,SOFIPO,Neobanco / Cuenta Débito y Crédito,87,Tier A (Inmediato),3 a 7 días,"$2,000 USD",CDMX,fondeadora.com,Activo / En Línea,Director de Cobranza / CFO / Head de Riesgo,"site:linkedin.com/in (""Fondeadora"") (""Director de Cobranza"" OR ""Director de Crédito"" OR ""CFO"" OR ""Head of Payments"")","site:condusef.gob.mx ""SIPRES"" ""Fondeadora""",Reducción de cartera vencida e incidentes de cobro en Fondeadora,"Hola [Nombre], en Toku ayudamos a entidades como Fondeadora a reducir el rebote en cobro recurrente y domiciliado hasta un 30% con reintentos inteligentes y ligas automáticas vía WhatsApp. ¿Podríamos coordinar una llamada remota de 15 min este jueves a las 11:00 AM para revisar el modelo?"
26,Kubo Financiero,SOFIPO,Crédito e Inversión Digital,87,Tier A (Inmediato),3 a 7 días,"$2,000 USD",CDMX,kubofinanciero.com,Activo / En Línea,Director de Cobranza / CFO / Head de Riesgo,"site:linkedin.com/in (""Kubo Financiero"") (""Director de Cobranza"" OR ""Director de Crédito"" OR ""CFO"" OR ""Head of Payments"")","site:condusef.gob.mx ""SIPRES"" ""Kubo Financiero""",Reducción de cartera vencida e incidentes de cobro en Kubo Financiero,"Hola [Nombre], en Toku ayudamos a entidades como Kubo Financiero a reducir el rebote en cobro recurrente y domiciliado hasta un 30% con reintentos inteligentes y ligas automáticas vía WhatsApp. ¿Podríamos coordinar una llamada remota de 15 min este jueves a las 11:00 AM para revisar el modelo?"
25,Financiera Libertad,SOFIPO,Servicios Financieros Masivos,87,Tier A (Inmediato),3 a 7 días,"$2,000 USD",Querétaro / CDMX,libertad.com.mx,Activo / En Línea,Director de Cobranza / CFO / Head de Riesgo,"site:linkedin.com/in (""Financiera Libertad"") (""Director de Cobranza"" OR ""Director de Crédito"" OR ""CFO"" OR ""Head of Payments"")","site:condusef.gob.mx ""SIPRES"" ""Financiera Libertad""",Reducción de cartera vencida e incidentes de cobro en Financiera Libertad,"Hola [Nombre], en Toku ayudamos a entidades como Financiera Libertad a reducir el rebote en cobro recurrente y domiciliado hasta un 30% con reintentos inteligentes y ligas automáticas vía WhatsApp. ¿Podríamos coordinar una llamada remota de 15 min este jueves a las 11:00 AM para revisar el modelo?"
23,Stori Card,SOFIPO,Tarjetas de Crédito / Ahorro,87,Tier A (Inmediato),3 a 7 días,"$2,000 USD",CDMX,storicard.com,Activo / En Línea,Director de Cobranza / CFO / Head de Riesgo,"site:linkedin.com/in (""Stori Card"") (""Director de Cobranza"" OR ""Director de Crédito"" OR ""CFO"" OR ""Head of Payments"")","site:condusef.gob.mx ""SIPRES"" ""Stori Card""",Reducción de cartera vencida e incidentes de cobro en Stori Card,"Hola [Nombre], en Toku ayudamos a entidades como Stori Card a reducir el rebote en cobro recurrente y domiciliado hasta un 30% con reintentos inteligentes y ligas automáticas vía WhatsApp. ¿Podríamos coordinar una llamada remota de 15 min este jueves a las 11:00 AM para revisar el modelo?"
31,Trafalgar,SOFIPO,FinTech / Wallets,87,Tier A (Inmediato),3 a 7 días,"$2,000 USD",CDMX,trafalgar.com.mx,Activo / En Línea,Director de Cobranza / CFO / Head de Riesgo,"site:linkedin.com/in (""Trafalgar"") (""Director de Cobranza"" OR ""Director de Crédito"" OR ""CFO"" OR ""Head of Payments"")","site:condusef.gob.mx ""SIPRES"" ""Trafalgar""",Reducción de cartera vencida e incidentes de cobro en Trafalgar,"Hola [Nombre], en Toku ayudamos a entidades como Trafalgar a reducir el rebote en cobro recurrente y domiciliado hasta un 30% con reintentos inteligentes y ligas automáticas vía WhatsApp. ¿Podríamos coordinar una llamada remota de 15 min este jueves a las 11:00 AM para revisar el modelo?"
33,Unagra,SOFIPO,Financiamiento Agropecuario,87,Tier A (Inmediato),3 a 7 días,"$2,000 USD",CDMX,unagra.com.mx,Activo / En Línea,Director de Cobranza / CFO / Head de Riesgo,"site:linkedin.com/in (""Unagra"") (""Director de Cobranza"" OR ""Director de Crédito"" OR ""CFO"" OR ""Head of Payments"")","site:condusef.gob.mx ""SIPRES"" ""Unagra""",Reducción de cartera vencida e incidentes de cobro en Unagra,"Hola [Nombre], en Toku ayudamos a entidades como Unagra a reducir el rebote en cobro recurrente y domiciliado hasta un 30% con reintentos inteligentes y ligas automáticas vía WhatsApp. ¿Podríamos coordinar una llamada remota de 15 min este jueves a las 11:00 AM para revisar el modelo?"
34,Paso Seguro Creando Futuro,SOFIPO,Ahorro y Préstamo,87,Tier A (Inmediato),3 a 7 días,"$2,000 USD",Oaxaca / CDMX,pasoseguro.mx,Activo / En Línea,Director de Cobranza / CFO / Head de Riesgo,"site:linkedin.com/in (""Paso Seguro Creando Futuro"") (""Director de Cobranza"" OR ""Director de Crédito"" OR ""CFO"" OR ""Head of Payments"")","site:condusef.gob.mx ""SIPRES"" ""Paso Seguro Creando Futuro""",Reducción de cartera vencida e incidentes de cobro en Paso Seguro Creando Futuro,"Hola [Nombre], en Toku ayudamos a entidades como Paso Seguro Creando Futuro a reducir el rebote en cobro recurrente y domiciliado hasta un 30% con reintentos inteligentes y ligas automáticas vía WhatsApp. ¿Podríamos coordinar una llamada remota de 15 min este jueves a las 11:00 AM para revisar el modelo?"
35,Credicapital,SOFIPO,Crédito Pyme e Inversión,87,Tier A (Inmediato),3 a 7 días,"$2,000 USD",Puebla / CDMX,credicapital.com.mx,Activo / En Línea,Director de Cobranza / CFO / Head de Riesgo,"site:linkedin.com/in (""Credicapital"") (""Director de Cobranza"" OR ""Director de Crédito"" OR ""CFO"" OR ""Head of Payments"")","site:condusef.gob.mx ""SIPRES"" ""Credicapital""",Reducción de cartera vencida e incidentes de cobro en Credicapital,"Hola [Nombre], en Toku ayudamos a entidades como Credicapital a reducir el rebote en cobro recurrente y domiciliado hasta un 30% con reintentos inteligentes y ligas automáticas vía WhatsApp. ¿Podríamos coordinar una llamada remota de 15 min este jueves a las 11:00 AM para revisar el modelo?"
39,Finsocial México,SOFIPO,Crédito Social,87,Tier A (Inmediato),3 a 7 días,"$2,000 USD",CDMX,finsocial.mx,Activo / En Línea,Director de Cobranza / CFO / Head de Riesgo,"site:linkedin.com/in (""Finsocial México"") (""Director de Cobranza"" OR ""Director de Crédito"" OR ""CFO"" OR ""Head of Payments"")","site:condusef.gob.mx ""SIPRES"" ""Finsocial México""",Reducción de cartera vencida e incidentes de cobro en Finsocial México,"Hola [Nombre], en Toku ayudamos a entidades como Finsocial México a reducir el rebote en cobro recurrente y domiciliado hasta un 30% con reintentos inteligentes y ligas automáticas vía WhatsApp. ¿Podríamos coordinar una llamada remota de 15 min este jueves a las 11:00 AM para revisar el modelo?"
38,ASP Integra Opciones,SOFIPO,Crédito y Arrendamiento,87,Tier A (Inmediato),3 a 7 días,"$2,000 USD",Puebla / CDMX,asp.com.mx,Activo / En Línea,Director de Cobranza / CFO / Head de Riesgo,"site:linkedin.com/in (""ASP Integra Opciones"") (""Director de Cobranza"" OR ""Director de Crédito"" OR ""CFO"" OR ""Head of Payments"")","site:condusef.gob.mx ""SIPRES"" ""ASP Integra Opciones""",Reducción de cartera vencida e incidentes de cobro en ASP Integra Opciones,"Hola [Nombre], en Toku ayudamos a entidades como ASP Integra Opciones a reducir el rebote en cobro recurrente y domiciliado hasta un 30% con reintentos inteligentes y ligas automáticas vía WhatsApp. ¿Podríamos coordinar una llamada remota de 15 min este jueves a las 11:00 AM para revisar el modelo?"
36,Fita Servicios Financieros,SOFIPO,Crédito Regional,87,Tier A (Inmediato),3 a 7 días,"$2,000 USD",CDMX,fita.mx,Activo / En Línea,Director de Cobranza / CFO / Head de Riesgo,"site:linkedin.com/in (""Fita Servicios Financieros"") (""Director de Cobranza"" OR ""Director de Crédito"" OR ""CFO"" OR ""Head of Payments"")","site:condusef.gob.mx ""SIPRES"" ""Fita Servicios Financieros""",Reducción de cartera vencida e incidentes de cobro en Fita Servicios Financieros,"Hola [Nombre], en Toku ayudamos a entidades como Fita Servicios Financieros a reducir el rebote en cobro recurrente y domiciliado hasta un 30% con reintentos inteligentes y ligas automáticas vía WhatsApp. ¿Podríamos coordinar una llamada remota de 15 min este jueves a las 11:00 AM para revisar el modelo?"
40,Ictineo,SOFIPO,FinTech / Cuentas de Ahorro,87,Tier A (Inmediato),3 a 7 días,"$2,000 USD",CDMX,ictineo.com,Activo / En Línea,Director de Cobranza / CFO / Head de Riesgo,"site:linkedin.com/in (""Ictineo"") (""Director de Cobranza"" OR ""Director de Crédito"" OR ""CFO"" OR ""Head of Payments"")","site:condusef.gob.mx ""SIPRES"" ""Ictineo""",Reducción de cartera vencida e incidentes de cobro en Ictineo,"Hola [Nombre], en Toku ayudamos a entidades como Ictineo a reducir el rebote en cobro recurrente y domiciliado hasta un 30% con reintentos inteligentes y ligas automáticas vía WhatsApp. ¿Podríamos coordinar una llamada remota de 15 min este jueves a las 11:00 AM para revisar el modelo?"
41,Fincomún,SOFIPO,Servicios Financieros Populares,87,Tier A (Inmediato),3 a 7 días,"$2,000 USD",CDMX,fincomun.com.mx,Activo / En Línea,Director de Cobranza / CFO / Head de Riesgo,"site:linkedin.com/in (""Fincomún"") (""Director de Cobranza"" OR ""Director de Crédito"" OR ""CFO"" OR ""Head of Payments"")","site:condusef.gob.mx ""SIPRES"" ""Fincomún""",Reducción de cartera vencida e incidentes de cobro en Fincomún,"Hola [Nombre], en Toku ayudamos a entidades como Fincomún a reducir el rebote en cobro recurrente y domiciliado hasta un 30% con reintentos inteligentes y ligas automáticas vía WhatsApp. ¿Podríamos coordinar una llamada remota de 15 min este jueves a las 11:00 AM para revisar el modelo?"
46,Capital Activo,SOFIPO,Financiamiento Empresarial,87,Tier A (Inmediato),3 a 7 días,"$2,000 USD",CDMX,capitalactivo.com.mx,Activo / En Línea,Director de Cobranza / CFO / Head de Riesgo,"site:linkedin.com/in (""Capital Activo"") (""Director de Cobranza"" OR ""Director de Crédito"" OR ""CFO"" OR ""Head of Payments"")","site:condusef.gob.mx ""SIPRES"" ""Capital Activo""",Reducción de cartera vencida e incidentes de cobro en Capital Activo,"Hola [Nombre], en Toku ayudamos a entidades como Capital Activo a reducir el rebote en cobro recurrente y domiciliado hasta un 30% con reintentos inteligentes y ligas automáticas vía WhatsApp. ¿Podríamos coordinar una llamada remota de 15 min este jueves a las 11:00 AM para revisar el modelo?"
52,Grensa,SOFIPO,Financiera Regional,87,Tier A (Inmediato),3 a 7 días,"$2,000 USD",CDMX,grensa.com.mx,Activo / En Línea,Director de Cobranza / CFO / Head de Riesgo,"site:linkedin.com/in (""Grensa"") (""Director de Cobranza"" OR ""Director de Crédito"" OR ""CFO"" OR ""Head of Payments"")","site:condusef.gob.mx ""SIPRES"" ""Grensa""",Reducción de cartera vencida e incidentes de cobro en Grensa,"Hola [Nombre], en Toku ayudamos a entidades como Grensa a reducir el rebote en cobro recurrente y domiciliado hasta un 30% con reintentos inteligentes y ligas automáticas vía WhatsApp. ¿Podríamos coordinar una llamada remota de 15 min este jueves a las 11:00 AM para revisar el modelo?"
53,Finnix,SOFIPO,FinTech / Crédito Ágil,87,Tier A (Inmediato),3 a 7 días,"$2,000 USD",CDMX,finnix.com.mx,Activo / En Línea,Director de Cobranza / CFO / Head de Riesgo,"site:linkedin.com/in (""Finnix"") (""Director de Cobranza"" OR ""Director de Crédito"" OR ""CFO"" OR ""Head of Payments"")","site:condusef.gob.mx ""SIPRES"" ""Finnix""",Reducción de cartera vencida e incidentes de cobro en Finnix,"Hola [Nombre], en Toku ayudamos a entidades como Finnix a reducir el rebote en cobro recurrente y domiciliado hasta un 30% con reintentos inteligentes y ligas automáticas vía WhatsApp. ¿Podríamos coordinar una llamada remota de 15 min este jueves a las 11:00 AM para revisar el modelo?"
51,FINN-APP México,SOFIPO,Crédito Digital App,87,Tier A (Inmediato),3 a 7 días,"$2,000 USD",CDMX,finnapp.mx,Requiere Verificación DNS,Director de Cobranza / CFO / Head de Riesgo,"site:linkedin.com/in (""FINN-APP México"") (""Director de Cobranza"" OR ""Director de Crédito"" OR ""CFO"" OR ""Head of Payments"")","site:condusef.gob.mx ""SIPRES"" ""FINN-APP México""",Reducción de cartera vencida e incidentes de cobro en FINN-APP México,"Hola [Nombre], en Toku ayudamos a entidades como FINN-APP México a reducir el rebote en cobro recurrente y domiciliado hasta un 30% con reintentos inteligentes y ligas automáticas vía WhatsApp. ¿Podríamos coordinar una llamada remota de 15 min este jueves a las 11:00 AM para revisar el modelo?"
69,Muebles América,Retail Credit,Crédito Muebles / Préstamos,87,Tier A (Inmediato),3 a 7 días,"$2,000 USD",Jalisco / CDMX,mueblesamerica.mx,Activo / En Línea,Director de Cobranza / CFO / Head de Riesgo,"site:linkedin.com/in (""Muebles América"") (""Director de Cobranza"" OR ""Director de Crédito"" OR ""CFO"" OR ""Head of Payments"")","site:condusef.gob.mx ""SIPRES"" ""Muebles América""",Reducción de cartera vencida e incidentes de cobro en Muebles América,"Hola [Nombre], en Toku ayudamos a entidades como Muebles América a reducir el rebote en cobro recurrente y domiciliado hasta un 30% con reintentos inteligentes y ligas automáticas vía WhatsApp. ¿Podríamos coordinar una llamada remota de 15 min este jueves a las 11:00 AM para revisar el modelo?"
43,Multiplica México,SOFIPO,Crédito Productivo,87,Tier A (Inmediato),3 a 7 días,"$2,000 USD",CDMX,multiplica.com.mx,Requiere Verificación DNS,Director de Cobranza / CFO / Head de Riesgo,"site:linkedin.com/in (""Multiplica México"") (""Director de Cobranza"" OR ""Director de Crédito"" OR ""CFO"" OR ""Head of Payments"")","site:condusef.gob.mx ""SIPRES"" ""Multiplica México""",Reducción de cartera vencida e incidentes de cobro en Multiplica México,"Hola [Nombre], en Toku ayudamos a entidades como Multiplica México a reducir el rebote en cobro recurrente y domiciliado hasta un 30% con reintentos inteligentes y ligas automáticas vía WhatsApp. ¿Podríamos coordinar una llamada remota de 15 min este jueves a las 11:00 AM para revisar el modelo?"
